token,no_at_fault_collisions,drivable_area_compliance,ego_progress,time_to_collision_within_bound,comfort,driving_direction_compliance,score
0110efb6cf705692,1.0,1.0,1.0,1.0,1.0,1.0,1.0
02e78191bf845092,1.0,1.0,0.8516451536463832,1.0,1.0,1.0,0.9381854806859931
03cf8e8ed0915fe1,1.0,1.0,1.0,1.0,1.0,1.0,1.0
058e86bcd61a50f9,1.0,0.0,0.0,1.0,1.0,1.0,0.0
08f8db733c8a5384,1.0,1.0,0.7674549261507883,1.0,1.0,1.0,0.9031062192294952
0979d00e06e75df7,1.0,0.0,0.0,1.0,1.0,1.0,0.0
0a582aacb7e8549e,1.0,1.0,1.0,1.0,1.0,1.0,1.0
0b5abd8495525a60,1.0,1.0,1.0,1.0,1.0,1.0,1.0
0c0203540b165628,1.0,1.0,1.0,1.0,1.0,1.0,1.0
0cc018e52b5553c8,1.0,1.0,0.7901661718718581,1.0,1.0,1.0,0.912569238279941
0f7b2eac06fb583b,1.0,1.0,0.7994812403499273,1.0,1.0,1.0,0.9164505168124698
100e1f418c6156a2,1.0,1.0,0.4177598819745567,1.0,1.0,1.0,0.757399950822732
10f1519622fb557e,1.0,1.0,0.9789979305227905,1.0,1.0,1.0,0.9912491377178294
1128ab6e43675ebb,1.0,1.0,0.8142611191064915,1.0,1.0,1.0,0.9226087996277048
159d4fb387015d29,0.0,1.0,0.0,0.0,1.0,1.0,0.0
16f658e44f615c4d,1.0,1.0,0.8694660575690575,1.0,1.0,1.0,0.9456108573204407
17f8c53191765031,1.0,1.0,1.0,1.0,1.0,1.0,1.0
182af302b08b5c94,0.0,1.0,0.0,0.0,1.0,1.0,0.0
1906410e9fea5257,1.0,1.0,1.0,1.0,1.0,1.0,1.0
1a76367220495a43,1.0,1.0,1.0,1.0,1.0,1.0,1.0
1c922a7f96245491,1.0,1.0,0.8481526053320287,1.0,1.0,0.5,0.9367302522216786
1fdb499ee06d5afe,1.0,1.0,1.0,1.0,1.0,1.0,1.0
201be20f235e537c,1.0,1.0,0.823040164824199,1.0,1.0,1.0,0.9262667353434163
203d0a6cad805900,1.0,1.0,1.0,0.0,1.0,1.0,0.5833333333333334
239a36414ce551de,1.0,1.0,0.6191010669604281,1.0,1.0,1.0,0.8412921112335118
27068d25a6ec5544,1.0,1.0,1.0,1.0,1.0,1.0,1.0
28bd4bc16c6c59ba,0.0,1.0,0.0,0.0,1.0,1.0,0.0
28d4e8d52f6959fa,1.0,1.0,1.0,0.0,1.0,1.0,0.5833333333333334
28d60c4ce7af52cb,1.0,1.0,1.0,1.0,1.0,1.0,1.0
2a2dc7fa004952bb,1.0,1.0,1.0,1.0,1.0,1.0,1.0
2a56e59564ab5860,1.0,1.0,1.0,1.0,1.0,1.0,1.0
2aad3418f5ef515b,1.0,1.0,0.7702949486051224,1.0,1.0,1.0,0.904289561918801
3010009fcb295507,1.0,1.0,0.9080591576212504,1.0,1.0,1.0,0.961691315675521
31f1c6fc84cd5d9c,1.0,1.0,1.0,1.0,1.0,1.0,1.0
3284cd057b4e5c4c,0.0,1.0,0.0,0.0,1.0,1.0,0.0
34369dd45b885ef6,0.0,1.0,0.0,0.0,1.0,1.0,0.0
34df25d21e8b5715,1.0,1.0,0.7912838644598523,1.0,1.0,1.0,0.9130349435249384
3a153391e4a358d9,0.0,1.0,0.0,0.0,1.0,1.0,0.0
3a61d7ced3ca590d,1.0,1.0,1.0,1.0,1.0,1.0,1.0
3abe90ea4f655478,0.0,1.0,0.0,0.0,1.0,1.0,0.0
3b33d44fb39a530b,1.0,1.0,0.8024791370141349,1.0,1.0,1.0,0.9176996404225563
3d2120dc97445f8a,1.0,1.0,0.7711916391732097,1.0,1.0,1.0,0.9046631829888373
463b77413b1f5db6,1.0,1.0,1.0,1.0,1.0,1.0,1.0
47688f8dcf9d547f,1.0,1.0,1.0,1.0,1.0,1.0,1.0
47e024696bf85a8b,1.0,1.0,1.0,1.0,1.0,1.0,1.0
47e15d0bf9795210,1.0,1.0,1.0,1.0,1.0,1.0,1.0
4a6d03cb04695889,1.0,1.0,0.5771959276536354,1.0,1.0,1.0,0.823831636522348
4e97cb2d92db5830,1.0,1.0,0.701395341892302,1.0,1.0,1.0,0.8755813924551258
4fd0254ab4115427,1.0,1.0,1.0,1.0,1.0,1.0,1.0
506df6f5f2c35944,0.0,1.0,0.0,0.0,1.0,1.0,0.0
52aa8f890b735f6b,1.0,1.0,0.39535923193538225,1.0,1.0,1.0,0.7480663466397427
52d2f017fb1558b1,1.0,1.0,0.5658545679060373,1.0,1.0,1.0,0.8191060699608489
54e89a77ee135c04,0.0,1.0,0.0,0.0,1.0,1.0,0.0
56df00e642b45ea5,1.0,1.0,0.6450146628488923,1.0,1.0,1.0,0.8520894428537051
588d51c738d551d0,1.0,1.0,1.0,1.0,1.0,1.0,1.0
5e5bee6716b357f0,1.0,1.0,0.4066182736438092,1.0,1.0,1.0,0.7527576140182539
61c8cb492eaf56da,1.0,1.0,1.0,0.0,1.0,1.0,0.5833333333333334
62eb6216a6425da9,1.0,1.0,0.7191113846863334,1.0,1.0,1.0,0.882963076952639
637e0946539456ce,1.0,0.0,0.0,1.0,1.0,1.0,0.0
699be6da6ef255c6,1.0,1.0,1.0,1.0,1.0,1.0,1.0
6bf4ad74da62568e,1.0,1.0,1.0,1.0,1.0,1.0,1.0
6c8d443a20da50db,1.0,1.0,0.40312279540578844,1.0,1.0,1.0,0.7513011647524118
6df1e30977785789,1.0,1.0,1.0,1.0,1.0,1.0,1.0
6fe976540ad75957,1.0,1.0,1.0,1.0,1.0,1.0,1.0
71a3391d74045a10,1.0,1.0,1.0,1.0,1.0,1.0,1.0
734d1c50b9ec5327,1.0,1.0,1.0,1.0,1.0,1.0,1.0
784c025d66de5ceb,0.0,1.0,0.0,0.0,1.0,1.0,0.0
78bfd347670158a2,1.0,1.0,0.49394027681690145,1.0,1.0,1.0,0.7891417820070422
7be91f052cec5ed4,1.0,1.0,1.0,0.0,1.0,1.0,0.5833333333333334
7c70365a01645f16,1.0,0.0,0.0,1.0,1.0,1.0,0.0
7cce486251cc5774,1.0,1.0,1.0,1.0,1.0,1.0,1.0
803569f800575929,1.0,1.0,0.8106108036136064,1.0,1.0,1.0,0.9210878348390027
80cbb31664715d6c,0.0,1.0,0.0,0.0,1.0,1.0,0.0
8111edd783655ec5,1.0,1.0,0.8591733395418517,1.0,1.0,1.0,0.9413222248091048
82615fcbb4d75b53,1.0,1.0,1.0,1.0,1.0,1.0,1.0
83f2abebb7775f3e,0.0,1.0,0.0,0.0,1.0,1.0,0.0
860bb408ee8a559b,1.0,1.0,1.0,1.0,1.0,0.5,1.0
88d08f76270d5e37,1.0,1.0,0.9547582254382968,1.0,1.0,1.0,0.9811492605992903
88e02056dde15d41,1.0,1.0,0.5900830628918794,1.0,1.0,1.0,0.8292012762049498
8f58e126b1d35abe,1.0,1.0,1.0,0.0,1.0,1.0,0.5833333333333334
916e6f64dd5c5cf5,1.0,1.0,1.0,1.0,1.0,1.0,1.0
91ce5224c5315c73,1.0,1.0,0.9608911289446522,1.0,1.0,1.0,0.9837046370602719
92b7fb405f2f5ccf,1.0,1.0,1.0,1.0,1.0,1.0,1.0
9352f44f6db657df,1.0,1.0,0.8777361243934216,1.0,1.0,1.0,0.949056718497259
9438eab530575244,1.0,0.0,0.0,1.0,1.0,1.0,0.0
99551be60459573c,1.0,1.0,0.12025463817325154,1.0,1.0,1.0,0.6334394325721882
9a5420ab54295c1f,1.0,1.0,1.0,1.0,1.0,1.0,1.0
9b3dea7c20c75987,1.0,1.0,0.31379484206485375,1.0,1.0,1.0,0.714081184193689
9b655d2471cb531b,1.0,1.0,1.0,0.0,1.0,1.0,0.5833333333333334
9bc4c16fd9db56ff,1.0,1.0,1.0,1.0,1.0,1.0,1.0
9f37b5755d545c9b,1.0,1.0,1.0,1.0,1.0,1.0,1.0
9f576445d12a5b52,1.0,1.0,1.0,1.0,1.0,1.0,1.0
a0ff0dff8e5d512f,1.0,1.0,0.8245823666801212,1.0,1.0,1.0,0.9269093194500505
a4e743d34ef058c5,1.0,1.0,0.9799922715611581,1.0,1.0,1.0,0.9916634464838158
a5c9bcab52165145,1.0,1.0,1.0,1.0,1.0,1.0,1.0
a68ae46331e55394,1.0,1.0,0.9303981744219468,1.0,1.0,1.0,0.9709992393424779
aa1a71ec906c5f59,1.0,1.0,0.7627888619131998,1.0,1.0,1.0,0.9011620257971665
aa96f52b95b155e7,1.0,1.0,1.0,1.0,1.0,1.0,1.0
ab0473e852235c3a,1.0,1.0,1.0,1.0,1.0,1.0,1.0
ab24fa43b3d95568,0.0,1.0,0.0,0.0,1.0,1.0,0.0
ad69184f0e215af6,1.0,1.0,0.5186704779599556,1.0,1.0,1.0,0.7994460324833148
aea085dd82275daf,0.0,1.0,0.0,0.0,1.0,1.0,0.0
b101cf0ddd475e3d,1.0,1.0,0.7531197628127523,1.0,1.0,0.5,0.8971332345053135
b1e97fd2ea285d1c,1.0,1.0,1.0,1.0,1.0,1.0,1.0
b367643a70e250b9,1.0,1.0,0.7674264536037114,1.0,1.0,1.0,0.9030943556682131
bdcc70c45a095f1c,1.0,1.0,0.4286905051536964,1.0,1.0,1.0,0.7619543771473735
c0ee4f794af35185,1.0,1.0,1.0,1.0,1.0,1.0,1.0
c59249f6dc3d5956,0.0,1.0,0.0,0.0,1.0,1.0,0.0
c89573b25c8d57ac,0.0,1.0,0.0,0.0,1.0,1.0,0.0
ca9e7281adce5212,1.0,1.0,0.9153256207719291,1.0,1.0,1.0,0.9647190086549705
cc74fd0beab35567,1.0,0.0,0.0,1.0,1.0,1.0,0.0
d19a23f6a5385fa0,1.0,1.0,0.5755392329969935,1.0,1.0,1.0,0.8231413470820806
d33b915d4e1b5c29,1.0,1.0,0.7887055756730414,1.0,1.0,1.0,0.911960656530434
d38905854e5f55a3,1.0,1.0,0.6249429043817257,1.0,1.0,1.0,0.8437262101590525
d3d4ab678d335a44,0.0,1.0,0.0,0.0,1.0,1.0,0.0
d890673e042a5399,1.0,1.0,1.0,1.0,1.0,1.0,1.0
d8f6ccef2f895d6c,1.0,1.0,1.0,0.0,1.0,1.0,0.5833333333333334
d9816222a1f5591e,1.0,1.0,0.8396694726862892,1.0,1.0,1.0,0.933195613619287
d998f63bce8a512e,1.0,1.0,1.0,1.0,1.0,1.0,1.0
da4ae3a1eb125028,1.0,1.0,0.3053504867806186,1.0,1.0,1.0,0.7105627028252578
dbb7594c1f47598d,1.0,1.0,1.0,1.0,1.0,1.0,1.0
ddcc59d0bbae5c17,1.0,1.0,0.9157533784548805,1.0,1.0,1.0,0.9648972410228668
ddfbc4edaaae53b5,1.0,1.0,1.0,1.0,1.0,0.0,1.0
de7019f0af025036,1.0,1.0,0.5144979462041834,1.0,1.0,1.0,0.7977074775850764
df51e1fc27e254b6,1.0,1.0,0.9274673806246889,1.0,1.0,1.0,0.969778075260287
e36a86d0bbdb56d1,1.0,1.0,0.48606670369550964,1.0,1.0,1.0,0.7858611265397957
e5f8dfb583be51bf,1.0,1.0,0.839198286241195,1.0,1.0,1.0,0.9329992859338313
ea422842e0e655b3,1.0,1.0,1.0,1.0,1.0,1.0,1.0
ed7a5232dc7c5008,1.0,1.0,1.0,1.0,1.0,1.0,1.0
edd3855723a15baa,1.0,1.0,1.0,1.0,1.0,1.0,1.0
efd0c9d43d9f5027,1.0,1.0,0.692641449250713,1.0,1.0,1.0,0.8719339371877971
eff101b2b3ea514d,1.0,1.0,0.8328890245998917,1.0,1.0,1.0,0.9303704269166215
f0ac2804298b564f,1.0,1.0,0.9361303082290953,1.0,1.0,1.0,0.9733876284287897
f328205fbdc05912,1.0,0.0,0.0,1.0,1.0,1.0,0.0
f796c5d79b9d5775,1.0,1.0,0.658684181116508,1.0,1.0,1.0,0.8577850754652117
f8055a08fd195ca3,1.0,1.0,0.5537746923901451,1.0,1.0,1.0,0.8140727884958938
f839f8d2874c5268,1.0,1.0,0.7887310255062464,1.0,1.0,1.0,0.9119712606276026
fe4adf695f83508a,1.0,1.0,1.0,1.0,1.0,1.0,1.0
