no_at_fault_collisions,drivable_area_compliance,ego_progress,time_to_collision_within_bound,comfort,driving_direction_compliance,score,no_at_fault_collisions_delta,drivable_area_compliance_delta,ego_progress_delta,time_to_collision_within_bound_delta,comfort_delta,driving_direction_compliance_delta,score_delta
1.0,1.0,0.9791619026243013,1.0,1.0,1.0,0.9913174594267922,0.0,0.0,0.0,0.0,0.0,0.0,0.0
0.0,1.0,0.0,0.0,1.0,1.0,0.0,0.0,0.0,0.0,0.0,0.0,0.0,0.0
0.0,1.0,0.0,0.0,1.0,1.0,0.0,0.0,0.0,0.0,0.0,0.0,0.0,0.0
1.0,1.0,1.0,1.0,1.0,1.0,1.0,0.0,0.0,0.0,0.0,0.0,0.0,0.0
1.0,1.0,1.0,1.0,1.0,1.0,1.0,0.0,0.0,0.0,0.0,0.0,0.0,0.0
1.0,1.0,1.0,1.0,1.0,1.0,1.0,0.0,0.0,0.0,0.0,0.0,0.0,0.0
1.0,1.0,0.8228645179826978,1.0,1.0,1.0,0.9261935491594574,0.0,0.0,-0.00015464903040374178,0.0,0.0,0.0,-6.44370960014573e-05
0.0,1.0,0.0,0.0,1.0,1.0,0.0,0.0,0.0,0.0,0.0,0.0,0.0,0.0
1.0,1.0,1.0,1.0,1.0,1.0,1.0,0.0,0.0,0.0,0.0,0.0,0.0,0.0
0.0,1.0,0.0,0.0,1.0,1.0,0.0,0.0,0.0,0.0,0.0,0.0,0.0,0.0
1.0,1.0,1.0,0.0,1.0,1.0,0.5833333333333334,0.0,0.0,0.0,0.0,0.0,0.0,0.0
1.0,1.0,0.9328010878194591,1.0,1.0,1.0,0.9720004532581079,0.0,0.0,0.024431496821738397,0.0,0.0,0.0,0.010179790342390915
0.0,1.0,0.0,0.0,1.0,1.0,0.0,0.0,0.0,0.0,0.0,0.0,0.0,0.0
0.0,1.0,0.0,0.0,1.0,1.0,0.0,0.0,0.0,0.0,0.0,0.0,0.0,0.0
1.0,1.0,1.0,1.0,1.0,1.0,1.0,0.0,0.0,0.0,0.0,0.0,0.0,0.0
0.0,1.0,0.0,0.0,1.0,1.0,0.0,0.0,0.0,0.0,0.0,0.0,0.0,0.0
1.0,1.0,1.0,1.0,1.0,1.0,1.0,0.0,0.0,0.0,0.0,0.0,0.0,0.0
1.0,1.0,1.0,1.0,1.0,1.0,1.0,0.0,0.0,0.0,0.0,0.0,0.0,0.0
1.0,1.0,1.0,1.0,1.0,1.0,1.0,0.0,0.0,0.0,0.0,0.0,0.0,0.0
1.0,1.0,1.0,1.0,1.0,1.0,1.0,0.0,0.0,0.0,0.0,0.0,0.0,0.0
0.0,1.0,0.0,0.0,1.0,1.0,0.0,0.0,0.0,0.0,0.0,0.0,0.0,0.0
0.0,1.0,0.0,0.0,1.0,1.0,0.0,0.0,0.0,0.0,0.0,0.0,0.0,0.0
1.0,1.0,1.0,0.0,1.0,1.0,0.5833333333333334,0.0,0.0,0.0,0.0,0.0,0.0,0.0
1.0,1.0,1.0,1.0,1.0,1.0,1.0,0.0,0.0,0.0,0.0,0.0,0.0,0.0
1.0,1.0,1.0,1.0,1.0,1.0,1.0,0.0,0.0,0.0,0.0,0.0,0.0,0.0
1.0,1.0,1.0,1.0,1.0,1.0,1.0,0.0,0.0,0.0,0.0,0.0,0.0,0.0
1.0,1.0,1.0,1.0,1.0,1.0,1.0,0.0,0.0,0.0,0.0,0.0,0.0,0.0
1.0,1.0,1.0,1.0,1.0,1.0,1.0,0.0,0.0,0.0,0.0,0.0,0.0,0.0
0.0,1.0,0.0,0.0,1.0,1.0,0.0,0.0,0.0,0.0,0.0,0.0,0.0,0.0
1.0,1.0,1.0,0.0,1.0,1.0,0.5833333333333334,0.0,0.0,0.0,0.0,0.0,0.0,0.0
1.0,1.0,0.8107439781291673,1.0,1.0,1.0,0.9211433242204864,0.0,0.0,0.0,0.0,0.0,0.0,0.0
0.0,1.0,0.0,0.0,1.0,1.0,0.0,0.0,0.0,0.0,0.0,0.0,0.0,0.0
1.0,1.0,1.0,1.0,1.0,1.0,1.0,0.0,0.0,0.0,0.0,0.0,0.0,0.0
0.0,1.0,0.0,0.0,1.0,1.0,0.0,0.0,0.0,0.0,0.0,0.0,0.0,0.0
1.0,1.0,0.9153791802183948,1.0,1.0,1.0,0.9647413250909977,0.0,0.0,-0.039687841205287344,0.0,0.0,0.0,-0.01653660050220329
1.0,1.0,1.0,0.0,1.0,1.0,0.5833333333333334,0.0,0.0,0.0,0.0,0.0,0.0,0.0
1.0,1.0,1.0,1.0,1.0,1.0,1.0,0.0,0.0,0.0,0.0,0.0,0.0,0.0
1.0,1.0,0.9606076725826925,1.0,1.0,1.0,0.9835865302427885,0.0,0.0,-0.029775905221315457,0.0,0.0,0.0,-0.01240662717554808
1.0,1.0,1.0,1.0,1.0,1.0,1.0,0.0,0.0,0.0,0.0,0.0,0.0,0.0
1.0,1.0,1.0,0.0,1.0,1.0,0.5833333333333334,0.0,0.0,0.0,0.0,0.0,0.0,0.0
1.0,1.0,1.0,1.0,1.0,1.0,1.0,0.0,0.0,0.0,0.0,0.0,0.0,0.0
1.0,1.0,1.0,1.0,1.0,1.0,1.0,0.0,0.0,0.0,0.0,0.0,0.0,0.0
1.0,1.0,0.9799474047147918,1.0,1.0,1.0,0.9916447519644965,0.0,0.0,0.0,0.0,0.0,0.0,0.0
1.0,1.0,1.0,1.0,1.0,1.0,1.0,0.0,0.0,0.0,0.0,0.0,0.0,0.0
1.0,1.0,0.9301874093512844,1.0,1.0,1.0,0.9709114205630351,0.0,0.0,0.0,0.0,0.0,0.0,0.0
0.0,1.0,0.0,0.0,1.0,1.0,0.0,0.0,0.0,0.0,0.0,0.0,0.0,0.0
0.0,1.0,0.0,0.0,1.0,1.0,0.0,0.0,0.0,0.0,0.0,0.0,0.0,0.0
1.0,1.0,0.7673223973067778,1.0,1.0,1.0,0.903050998877824,0.0,0.0,0.0,0.0,0.0,0.0,0.0
1.0,1.0,1.0,1.0,1.0,1.0,1.0,0.0,0.0,0.0,0.0,0.0,0.0,0.0
0.0,1.0,0.0,0.0,1.0,1.0,0.0,0.0,0.0,0.0,0.0,0.0,0.0,0.0
0.0,1.0,0.0,0.0,1.0,1.0,0.0,0.0,0.0,0.0,0.0,0.0,0.0,0.0
1.0,1.0,1.0,1.0,1.0,1.0,1.0,0.0,0.0,0.0,0.0,0.0,0.0,0.0
1.0,1.0,1.0,1.0,1.0,1.0,1.0,0.0,0.0,0.0,0.0,0.0,0.0,0.0
1.0,1.0,0.9272424346048987,1.0,1.0,1.0,0.969684347752041,0.0,0.0,0.0,0.0,0.0,0.0,0.0
1.0,1.0,1.0,1.0,1.0,1.0,1.0,0.0,0.0,0.0,0.0,0.0,0.0,0.0
1.0,1.0,1.0,1.0,1.0,1.0,1.0,0.0,0.0,0.0,0.0,0.0,0.0,0.0
1.0,1.0,0.8847211763619663,1.0,1.0,1.0,0.9519671568174859,0.0,0.0,0.051621524078924286,0.0,0.0,0.0,0.021508968366218295
1.0,1.0,1.0,1.0,1.0,1.0,1.0,0.0,0.0,0.0,0.0,0.0,0.0,0.0
1.0,1.0,1.0,1.0,1.0,1.0,1.0,0.0,0.0,0.0,0.0,0.0,0.0,0.0
1.0,1.0,0.8516184537812902,1.0,1.0,1.0,0.9381743557422043,0.0,0.0,6.639889552351175e-05,0.0,0.0,0.0,2.766620646821316e-05
1.0,1.0,1.0,1.0,1.0,1.0,1.0,0.0,0.0,0.0,0.0,0.0,0.0,0.0
1.0,1.0,0.8251734886474588,1.0,1.0,1.0,0.9271556202697745,0.0,1.0,0.8251734886474588,0.0,0.0,0.0,0.9271556202697745
1.0,1.0,0.7674366230050452,1.0,1.0,1.0,0.9030985929187688,0.0,0.0,-8.692703376755873e-05,0.0,0.0,0.0,-3.6219597403075454e-05
1.0,0.0,0.0,1.0,1.0,1.0,0.0,0.0,0.0,0.0,0.0,0.0,0.0,0.0
1.0,1.0,1.0,1.0,1.0,1.0,1.0,0.0,0.0,0.0,0.0,0.0,0.0,0.0
1.0,1.0,1.0,1.0,1.0,1.0,1.0,0.0,0.0,0.0,0.0,0.0,0.0,0.0
1.0,1.0,1.0,1.0,1.0,1.0,1.0,0.0,0.0,0.0,0.0,0.0,0.0,0.0
1.0,1.0,0.7896830535435344,1.0,1.0,1.0,0.9123679389764726,0.0,0.0,-0.00018306895482078644,0.0,0.0,0.0,-7.627873117543871e-05
1.0,1.0,0.9741750347880774,1.0,1.0,1.0,0.9892395978283656,0.0,0.0,0.17504237715669446,0.0,0.0,0.0,0.0729343238152893
1.0,1.0,0.5512564556962274,1.0,1.0,1.0,0.8130235232067614,0.0,0.0,0.08971501438000201,0.0,0.0,0.0,0.03738125599166742
1.0,1.0,0.8152409113602415,1.0,1.0,1.0,0.9230170464001007,0.0,0.0,0.0008791548891881051,0.0,0.0,0.0,0.0003663145371619603
1.0,1.0,0.8712106840283683,1.0,1.0,1.0,0.9463377850118201,0.0,0.0,0.0017970443383514834,0.0,0.0,0.0,0.000748768474313044
1.0,1.0,1.0,1.0,1.0,1.0,1.0,0.0,0.0,0.0,0.0,0.0,0.0,0.0
1.0,1.0,0.8480731731128097,1.0,1.0,0.5,0.9366971554636706,0.0,0.0,0.0,0.0,0.0,0.0,0.0
1.0,1.0,0.5815726202474227,1.0,1.0,1.0,0.8256552584364262,0.0,0.0,-0.037708682760050904,0.0,0.0,0.0,-0.01571195115002122
1.0,1.0,1.0,1.0,1.0,1.0,1.0,0.0,0.0,0.0,0.0,0.0,0.0,0.0
1.0,1.0,1.0,1.0,1.0,1.0,1.0,0.0,0.0,0.0,0.0,0.0,0.0,0.0
1.0,1.0,1.0,1.0,1.0,1.0,1.0,0.0,0.0,0.0,0.0,0.0,0.0,0.0
1.0,1.0,0.8623318051102244,1.0,1.0,1.0,0.9426382521292602,0.0,1.0,0.8623318051102244,1.0,0.0,0.0,0.9426382521292602
1.0,1.0,1.0,1.0,1.0,1.0,1.0,0.0,0.0,0.0,0.0,0.0,0.0,0.0
1.0,1.0,0.7911354801267445,1.0,1.0,1.0,0.9129731167194768,0.0,0.0,0.0,0.0,0.0,0.0,0.0
0.0,1.0,0.0,0.0,1.0,1.0,0.0,0.0,0.0,0.0,0.0,0.0,0.0,0.0
1.0,1.0,0.8026225676365442,1.0,1.0,1.0,0.9177594031818934,0.0,0.0,0.0,0.0,0.0,0.0,0.0
1.0,1.0,0.5841429146484982,1.0,1.0,1.0,0.8267262144368743,0.0,0.0,0.0,0.0,0.0,0.0,0.0
1.0,1.0,0.5772516221909975,1.0,1.0,1.0,0.8238548425795823,0.0,0.0,0.0,0.0,0.0,0.0,0.0
1.0,1.0,0.7706284803448982,1.0,1.0,1.0,0.9044285334770409,0.0,0.0,0.0694289205058658,0.0,0.0,0.0,0.028928716877444027
1.0,1.0,1.0,1.0,1.0,1.0,1.0,0.0,0.0,0.0,0.0,0.0,0.0,0.0
1.0,1.0,0.3955376636466905,1.0,1.0,1.0,0.7481406931861211,0.0,0.0,0.0,0.0,0.0,0.0,0.0
1.0,1.0,0.5374260267290513,1.0,1.0,1.0,0.807260844470438,0.0,0.0,-0.028715220985452095,0.0,0.0,0.0,-0.011964675410605086
1.0,1.0,0.5660770846304788,1.0,1.0,1.0,0.8191987852626994,0.0,0.0,-0.07893667398566795,0.0,0.0,0.0,-0.032890280827361784
1.0,1.0,1.0,1.0,1.0,1.0,1.0,0.0,0.0,0.0,0.0,0.0,0.0,0.0
1.0,1.0,0.4630143191806723,1.0,1.0,1.0,0.7762559663252802,0.0,0.0,0.05624204431721941,0.0,0.0,0.0,0.023434185132174767
1.0,1.0,0.7302686624599524,1.0,1.0,1.0,0.8876119426916468,0.0,0.0,0.011173850368610405,0.0,0.0,0.0,0.004655770986921048
1.0,0.0,0.0,1.0,1.0,1.0,0.0,0.0,0.0,0.0,0.0,0.0,0.0,0.0
1.0,1.0,0.34370429312548134,1.0,1.0,1.0,0.7265434554689506,0.0,0.0,-0.059592746949553466,0.0,0.0,0.0,-0.024830311228980495
1.0,1.0,1.0,1.0,1.0,1.0,1.0,0.0,0.0,0.0,0.0,0.0,0.0,0.0
1.0,0.0,0.0,1.0,1.0,1.0,0.0,0.0,-1.0,-0.49386493096937156,0.0,0.0,0.0,-0.7891103879039049
1.0,0.0,0.0,1.0,1.0,1.0,0.0,0.0,0.0,0.0,0.0,0.0,0.0,0.0
1.0,1.0,1.0,1.0,1.0,1.0,1.0,0.0,0.0,0.0,0.0,0.0,0.0,0.0
1.0,1.0,0.8591177820216475,1.0,1.0,1.0,0.9412990758423531,0.0,0.0,0.00015482534588662222,0.0,0.0,0.0,6.451056078604633e-05
1.0,1.0,0.8480812917651125,1.0,1.0,1.0,0.9367005382354635,0.0,0.0,-0.1519187082348875,0.0,0.0,0.5,-0.06329946176453649
1.0,1.0,0.5900233552306439,1.0,1.0,1.0,0.8291763980127683,0.0,0.0,0.0,0.0,0.0,0.0,0.0
1.0,1.0,1.0,1.0,1.0,1.0,1.0,0.0,0.0,0.0,0.0,0.0,0.0,0.0
1.0,1.0,0.8777041559502908,1.0,1.0,1.0,0.9490433983126212,0.0,0.0,0.0,0.0,0.0,0.0,0.0
1.0,0.0,0.0,1.0,1.0,1.0,0.0,0.0,0.0,0.0,0.0,0.0,0.0,0.0
1.0,1.0,0.12022440878013115,1.0,1.0,1.0,0.6334268369917213,0.0,0.0,0.0,0.0,0.0,0.0,0.0
1.0,1.0,0.3137062253364192,1.0,1.0,1.0,0.7140442605568413,0.0,0.0,-0.3345508673325895,0.0,0.0,0.0,-0.13939619472191234
1.0,1.0,1.0,1.0,1.0,1.0,1.0,0.0,0.0,0.0,0.0,0.0,0.0,0.0
1.0,1.0,0.825737705376909,1.0,1.0,1.0,0.9273907105737121,0.0,0.0,0.0009189582078944492,0.0,0.0,0.0,0.0003828992532894926
1.0,1.0,0.7377619198803398,1.0,1.0,1.0,0.890734133283475,0.0,0.0,-4.821074611083276e-06,0.0,0.0,0.0,-2.0087810879143575e-06
1.0,1.0,1.0,1.0,1.0,1.0,1.0,0.0,0.0,0.0,0.0,0.0,0.0,0.0
1.0,1.0,1.0,1.0,1.0,1.0,1.0,0.0,0.0,0.0,0.0,0.0,0.0,0.0
1.0,1.0,0.6112464646188769,1.0,1.0,1.0,0.8380193602578654,0.0,0.0,0.09253826047361458,0.0,0.0,0.0,0.038557608530672804
1.0,1.0,0.7530585781807533,1.0,1.0,0.5,0.8971077409086471,0.0,0.0,5.136523004301008e-05,0.0,0.0,0.0,2.1402179184448755e-05
1.0,1.0,1.0,1.0,1.0,1.0,1.0,0.0,0.0,0.0,0.0,0.0,0.0,0.0
1.0,1.0,0.38652612710862233,1.0,1.0,1.0,0.7443858862952593,0.0,0.0,-0.0422779170439494,0.0,0.0,0.0,-0.017615798768312207
0.0,1.0,0.0,0.0,1.0,1.0,0.0,0.0,0.0,0.0,0.0,0.0,0.0,0.0
1.0,1.0,0.949357800774154,1.0,1.0,1.0,0.9788990836558975,0.0,0.0,0.0,0.0,0.0,0.0,0.0
1.0,0.0,0.0,1.0,1.0,1.0,0.0,0.0,0.0,0.0,0.0,0.0,0.0,0.0
1.0,1.0,0.5755015658812948,1.0,1.0,1.0,0.8231256524505395,0.0,0.0,-0.008520618000367852,0.0,0.0,0.0,-0.0035502575001532533
1.0,1.0,0.7884219307001187,1.0,1.0,1.0,0.9118424711250496,0.0,0.0,-0.0005896130827595103,0.0,0.0,0.0,-0.00024567211781634235
1.0,1.0,0.7205996414872349,1.0,1.0,1.0,0.8835831839530145,0.0,0.0,0.05369320557260193,0.0,0.0,0.0,0.022372168988584074
0.0,1.0,0.0,0.0,1.0,1.0,0.0,-1.0,0.0,-1.0,0.0,0.0,0.0,-0.5833333333333334
1.0,1.0,0.8394450456235156,1.0,1.0,1.0,0.9331021023431315,0.0,0.0,0.0,0.0,0.0,0.0,0.0
1.0,1.0,0.30521752606698066,1.0,1.0,1.0,0.7105073025279086,0.0,0.0,0.0,0.0,0.0,0.0,0.0
1.0,1.0,1.0,1.0,1.0,1.0,1.0,0.0,0.0,0.0,0.0,0.0,0.0,0.0
1.0,1.0,0.9156741667240627,1.0,1.0,1.0,0.9648642361350261,0.0,0.0,-6.672201388546739e-05,0.0,0.0,0.0,-2.780083911890774e-05
1.0,1.0,1.0,1.0,1.0,0.0,1.0,0.0,0.0,0.0,0.0,0.0,0.0,0.0
1.0,1.0,0.5143844525645466,1.0,1.0,1.0,0.7976601885685611,0.0,0.0,6.343518984464058e-05,0.0,0.0,0.0,2.6431329102072354e-05
1.0,1.0,0.4860782129452041,1.0,1.0,1.0,0.7858659220605017,0.0,0.0,0.07025122334433287,0.0,0.0,0.0,0.029271343060138677
1.0,1.0,0.839045791601067,1.0,1.0,1.0,0.9329357465004445,0.0,0.0,0.0,0.0,0.0,0.0,0.0
1.0,1.0,1.0,1.0,1.0,1.0,1.0,0.0,0.0,0.0,0.0,0.0,0.0,0.0
1.0,1.0,0.6924609105743418,1.0,1.0,1.0,0.871858712739309,0.0,0.0,1.4597473096955582e-07,0.0,0.0,0.0,6.082280457064826e-08
1.0,1.0,1.0,1.0,1.0,1.0,1.0,0.0,0.0,0.06363556814880034,0.0,0.0,0.0,0.026514820062000233
1.0,0.0,0.0,1.0,1.0,1.0,0.0,0.0,0.0,0.0,0.0,0.0,0.0,0.0
1.0,1.0,0.7372140553296629,1.0,1.0,1.0,0.8905058563873595,0.0,0.0,0.07840956337392935,0.0,0.0,0.0,0.03267065140580394
1.0,1.0,0.468729813676834,1.0,1.0,1.0,0.7786374223653475,0.0,0.0,-0.08490302128760563,0.0,0.0,0.0,-0.03537625886983564
1.0,1.0,0.7885227471759141,1.0,1.0,1.0,0.9118844779899642,0.0,0.0,0.0,0.0,0.0,0.0,0.0
